<?xml version="1.0" encoding="UTF-8"?>
<beans xmlns="http://www.springframework.org/schema/beans"
 xmlns:context="http://www.springframework.org/schema/context"
 xmlns:mvc="http://www.springframework.org/schema/mvc" xmlns:xsi="http://www.w3.org/2001/XMLSchema-instance"
 xmlns:p="http://www.springframework.org/schema/p"
 xsi:schemaLocation="
        http://www.springframework.org/schema/beans     
        http://www.springframework.org/schema/beans/spring-beans-4.0.xsd
        http://www.springframework.org/schema/context
        http://www.springframework.org/schema/context/spring-context-4.0.xsd
        http://www.springframework.org/schema/mvc
        http://www.springframework.org/schema/mvc/spring-mvc-4.0.xsd">
 <context:component-scan base-package="com" />
 <mvc:annotation-driven />
 <mvc:default-servlet-handler/>
 <bean id="viewResolver" class="org.springframework.web.servlet.view.UrlBasedViewResolver"> 
 <property name="viewClass" value="org.springframework.web.servlet.view.JstlView"/> 
 <property name="prefix" value="/jsp/" /> 
 <property name="suffix" value=".jsp" /> 
 </bean>
 </beans>