{
  "acteurs": [
    {
      "id": "1",
      "nom": "Robert",
      "prenom": "Downey Jr.",
      "hero": "Iron Man",
      "photo": "http://fr.web.img6.acsta.net/r_120_160/b_1_d6d6d6/pictures/210/017/21001798_20130426172912097.jpg"
    },
    {
      "id": "2",
      "nom": "Evans",
      "prenom": "Chris",
      "hero": "Captain America",
      "photo": "http://fr.web.img1.acsta.net/r_120_160/b_1_d6d6d6/medias/nmedia/18/35/47/92/20091403.jpg"
    },
    {
        "id": "3",
        "nom": "Ruffalo",
        "prenom": "Mark",
        "hero": "The Hulk",
        "photo": "http://fr.web.img5.acsta.net/r_120_160/b_1_d6d6d6/medias/nmedia/18/35/35/82/20091405.jpg"
    },
    {
        "id": "4",
        "nom": "Hemsworth",
        "prenom": "Chris",
        "hero": "Thor",
        "photo": "http://fr.web.img4.acsta.net/r_120_160/b_1_d6d6d6/medias/nmedia/18/62/86/25/20092235.jpg"
    },
    {
        "id": "5",
        "nom": "Johansson",
        "prenom": "Scarlett",
        "hero": "Black Widow",
        "photo": "http://fr.web.img1.acsta.net/r_120_160/b_1_d6d6d6/pictures/210/380/21038084_20130909122416886.jpg"
    }
]
}